stableT,stableSpd,MaxGap,TotalFuel,VMT
1695,4.64505347593583,12.3,347.873150000051,182886.21
