stableT,stableSpd,MaxGap,TotalFuel,VMT
995.2,4.98546583009839,14.35,233.684330000156,203132.86
