stableT,stableSpd,MaxGap,TotalFuel,VMT
255.9,4.69839870453603,12.39,226.780910000101,203415.11
