stableT,stableSpd,MaxGap,TotalFuel,VMT
23.2,4.58229587604832,12.29,222.080270000277,200379.55
