stableT,stableSpd,MaxGap,TotalFuel,VMT
125,4.93379785410445,12.13,228.561000000054,209949.05
