stableT,stableSpd,MaxGap,TotalFuel,VMT
23,4.77793957101278,12.38,219.526450000235,208796.61
