stableT,stableSpd,MaxGap,TotalFuel,VMT
38.3,3.74871995317235,18.81,222.053610000141,169891.99
