stableT,stableSpd,MaxGap,TotalFuel,VMT
74.9,0.036977015416284,114.44,116.270300000108,37091.21
