stableT,stableSpd,MaxGap,TotalFuel,VMT
50.6,4.15026539722781,18.21,285.683019999792,182723.57
