stableT,stableSpd,MaxGap,TotalFuel,VMT
33.3,4.70949724022077,12.35,222.441740000199,204583.84
