stableT,stableSpd,MaxGap,TotalFuel,VMT
42.7,4.15026745066206,19.35,299.489260000154,183787.36
