stableT,stableSpd,MaxGap,TotalFuel,VMT
54.3,0.502574293794677,43.8,267.30793999995,93512.47
