stableT,stableSpd,MaxGap,TotalFuel,VMT
114.1,3.41741854866447,43.69,228.938210000114,155753.62
