stableT,stableSpd,MaxGap,TotalFuel,VMT
155,4.66969663628717,12.25,224.040800000103,202430.93
