stableT,stableSpd,MaxGap,TotalFuel,VMT
34.2,0.1092383041654,107.73,144.486450000227,44786.7
