stableT,stableSpd,MaxGap,TotalFuel,VMT
45,3.62958316168756,30.41,224.619400000151,164741.09
