stableT,stableSpd,MaxGap,TotalFuel,VMT
67.2,4.15025175510386,20.64,277.489099999675,182340.79
