stableT,stableSpd,MaxGap,TotalFuel,VMT
38.7,4.15029816036857,14.53,306.957240000333,183271.66
