stableT,stableSpd,MaxGap,TotalFuel,VMT
91.5,3.54037194963435,35.94,226.766600000133,161190
