stableT,stableSpd,MaxGap,TotalFuel,VMT
46.2,0.0860934210598961,112.48,131.26104000015,43381.15
