stableT,stableSpd,MaxGap,TotalFuel,VMT
133,3.60411028477613,24.42,226.354330000074,163872.97
