stableT,stableSpd,MaxGap,TotalFuel,VMT
121.8,4.15035743291117,26.52,241.592920000006,181458.94
