stableT,stableSpd,MaxGap,TotalFuel,VMT
51.3,4.15032271404,15.08,269.657209999744,182900.22
