stableT,stableSpd,MaxGap,TotalFuel,VMT
864.6,4.66262515641152,12.18,332.04573000005,192960.94
