stableT,stableSpd,MaxGap,TotalFuel,VMT
17.4,4.71949421114335,18.73,229.134800000378,207536.91
