stableT,stableSpd,MaxGap,TotalFuel,VMT
122.7,4.80819879087566,12.46,224.312000000155,206556.7
