stableT,stableSpd,MaxGap,TotalFuel,VMT
137.7,4.62634743169017,12.15,222.114820000063,201103.38
