stableT,stableSpd,MaxGap,TotalFuel,VMT
26.4,0.234620872644712,105.28,169.329790000214,62417.31
