stableT,stableSpd,MaxGap,TotalFuel,VMT
50.9,3.28506363967105,31.22,226.886910000107,150320.55
