stableT,stableSpd,MaxGap,TotalFuel,VMT
90.6,0.0182039876867454,112.2,122.64169000012,35371.61
