stableT,stableSpd,MaxGap,TotalFuel,VMT
50.3,3.55924258036785,33.41,225.261500000166,161766.34
