stableT,stableSpd,MaxGap,TotalFuel,VMT
37.2,3.76860553031675,22.27,222.701150000139,170650.62
