stableT,stableSpd,MaxGap,TotalFuel,VMT
107.6,3.50146556300842,25.58,227.665350000215,159471.13
