stableT,stableSpd,MaxGap,TotalFuel,VMT
856.5,4.97695455623087,14.08,234.245110000157,203069.01
