stableT,stableSpd,MaxGap,TotalFuel,VMT
48.8,4.15031746337599,14.54,286.283229999778,181762.34
