stableT,stableSpd,MaxGap,TotalFuel,VMT
81.9,0.0278725800833692,111.52,112.601640000084,36824.62
