stableT,stableSpd,MaxGap,TotalFuel,VMT
19.6,4.64306507803421,12.34,221.060360000232,203736.11
