stableT,stableSpd,MaxGap,TotalFuel,VMT
37.9,4.74206186215415,12.37,224.080120000187,204553.42
