stableT,stableSpd,MaxGap,TotalFuel,VMT
33.8,3.54039125880422,25.58,225.171840000149,160963.59
