stableT,stableSpd,MaxGap,TotalFuel,VMT
43.5,3.5254361891278,30.38,225.734660000279,160267.09
