stableT,stableSpd,MaxGap,TotalFuel,VMT
37.7,4.15031813260127,15.87,306.517310000337,183847.88
