stableT,stableSpd,MaxGap,TotalFuel,VMT
24.9,4.67928719501603,12.37,222.031680000207,203416.82
