stableT,stableSpd,MaxGap,TotalFuel,VMT
59.2,0.103373121180752,110.08,132.890060000183,45234.15
