stableT,stableSpd,MaxGap,TotalFuel,VMT
109.4,0.5166568463284,56.79,259.920860000093,100093.68
