stableT,stableSpd,MaxGap,TotalFuel,VMT
590.7,5.82310454463507,13.1,234.679960000022,243405.16
