stableT,stableSpd,MaxGap,TotalFuel,VMT
52.9,3.50225622544042,20.41,226.046650000406,159413.49
