stableT,stableSpd,MaxGap,TotalFuel,VMT
134.3,4.6354367503107,12.19,222.05523000008,202915.77
