stableT,stableSpd,MaxGap,TotalFuel,VMT
615.5,4.99052260573652,12.95,231.115340000103,206123.15
