stableT,stableSpd,MaxGap,TotalFuel,VMT
345.4,4.99553342907185,12.16,227.379570000073,209948.36
