stableT,stableSpd,MaxGap,TotalFuel,VMT
53.2,4.15031389552825,14.26,277.275229999663,182614.47
