stableT,stableSpd,MaxGap,TotalFuel,VMT
25.4,0.592978851028923,99.61,273.312400000406,113613.66
