stableT,stableSpd,MaxGap,TotalFuel,VMT
119.9,0.00051676427609846,111.98,107.035040000089,33280.29
