stableT,stableSpd,MaxGap,TotalFuel,VMT
59.2,0.415156815273251,106.51,225.046470000252,87789.09
