stableT,stableSpd,MaxGap,TotalFuel,VMT
137.5,4.63530587133341,12.14,221.944930000075,202290.95
