stableT,stableSpd,MaxGap,TotalFuel,VMT
214.5,4.68343252802662,12.26,222.087320000107,204771.53
