stableT,stableSpd,MaxGap,TotalFuel,VMT
23.1,4.54972927847347,12.32,222.251960000284,197226.9
