stableT,stableSpd,MaxGap,TotalFuel,VMT
16.6,4.50605162405167,12.2,221.067400000281,198332.16
