stableT,stableSpd,MaxGap,TotalFuel,VMT
72.5,4.82494780379365,12.02,232.938830000166,207426.1
