stableT,stableSpd,MaxGap,TotalFuel,VMT
475.2,4.981761702254,12.51,233.506970000092,205636.78
