stableT,stableSpd,MaxGap,TotalFuel,VMT
42.9,4.15032563140458,15.46,292.324869999965,183423.57
