stableT,stableSpd,MaxGap,TotalFuel,VMT
142.7,4.65676982032994,12.23,223.327620000088,202857.97
