stableT,stableSpd,MaxGap,TotalFuel,VMT
22.3,4.61413498737517,12.29,222.386460000248,200213.11
