stableT,stableSpd,MaxGap,TotalFuel,VMT
108,4.15017035818908,25.77,248.242389999955,182757.05
