stableT,stableSpd,MaxGap,TotalFuel,VMT
67,4.15030519202191,16.42,254.155749999891,183539.59
