stableT,stableSpd,MaxGap,TotalFuel,VMT
25.3,4.72323053498923,12.46,220.699410000281,206195.95
