stableT,stableSpd,MaxGap,TotalFuel,VMT
19.8,4.56426165782082,12.45,220.605980000293,199675.49
