stableT,stableSpd,MaxGap,TotalFuel,VMT
31.3,0.453236702475366,71.8,254.161859999675,96554.02
