stableT,stableSpd,MaxGap,TotalFuel,VMT
57.1,3.9829874674929,25.06,220.605309999797,179831.1
