stableT,stableSpd,MaxGap,TotalFuel,VMT
29.7,0.249198558864552,110.1,168.475520000222,66346.31
