stableT,stableSpd,MaxGap,TotalFuel,VMT
66.9,4.150282017456,17.02,248.440039999946,182153.44
