stableT,stableSpd,MaxGap,TotalFuel,VMT
300.8,4.71858630614006,12.38,225.288620000092,205663.86
