stableT,stableSpd,MaxGap,TotalFuel,VMT
19.9,4.50586607654937,12.21,222.873540000285,196149.97
