stableT,stableSpd,MaxGap,TotalFuel,VMT
50.8,3.56586303831379,19.44,224.623610000214,162336.51
