stableT,stableSpd,MaxGap,TotalFuel,VMT
27.9,0.612618787443837,48.01,266.679340000385,118480.87
