stableT,stableSpd,MaxGap,TotalFuel,VMT
75,4.14949460452786,26.3,260.214949999839,182768.77
