stableT,stableSpd,MaxGap,TotalFuel,VMT
204.2,4.69998723784406,12.38,224.208000000101,205081.86
