stableT,stableSpd,MaxGap,TotalFuel,VMT
135.1,4.65651902410691,12.17,223.663350000096,202550.11
