stableT,stableSpd,MaxGap,TotalFuel,VMT
19.2,0.571547412371078,63.65,260.644010000338,111195.83
