stableT,stableSpd,MaxGap,TotalFuel,VMT
72.5,4.15009715923055,24.75,270.473509999746,182087.24
