stableT,stableSpd,MaxGap,TotalFuel,VMT
66.6,4.90819779057788,12.07,226.887680000075,208938.84
