stableT,stableSpd,MaxGap,TotalFuel,VMT
41.3,4.15029695617861,16.09,300.211610000155,182344.25
