stableT,stableSpd,MaxGap,TotalFuel,VMT
81.3,4.82185962665945,11.97,230.648180000159,206608.58
