stableT,stableSpd,MaxGap,TotalFuel,VMT
25.4,4.65222818740946,12.64,222.268200000293,202770
