stableT,stableSpd,MaxGap,TotalFuel,VMT
158.8,3.61803079454768,39.03,226.594450000074,164569.42
