stableT,stableSpd,MaxGap,TotalFuel,VMT
158.2,4.66966198727664,12.3,223.596760000096,203326.51
