stableT,stableSpd,MaxGap,TotalFuel,VMT
145.3,4.64556604766477,12.24,221.537730000089,203442.68
