stableT,stableSpd,MaxGap,TotalFuel,VMT
76.6,0.000677464512696917,114.4,105.870670000094,31193.18
