stableT,stableSpd,MaxGap,TotalFuel,VMT
93.5,4.14949133121333,26.25,253.500129999895,183142.54
