stableT,stableSpd,MaxGap,TotalFuel,VMT
59.6,4.15029954836387,16.55,262.829969999823,182664.7
