stableT,stableSpd,MaxGap,TotalFuel,VMT
75.6,3.56835798427485,27.56,225.728880000158,162292.67
