stableT,stableSpd,MaxGap,TotalFuel,VMT
44.1,3.5884069773825,23.57,224.088070000199,163293.82
