stableT,stableSpd,MaxGap,TotalFuel,VMT
46.9,0.520864714163195,56.92,259.371860000083,102012.19
