stableT,stableSpd,MaxGap,TotalFuel,VMT
32.6,4.78941788196808,12.56,218.528750000218,209705.57
