stableT,stableSpd,MaxGap,TotalFuel,VMT
57,0.000366906235995099,115.67,104.804750000089,30878.46
