stableT,stableSpd,MaxGap,TotalFuel,VMT
307.1,4.98643229132677,12.17,230.923550000063,208423.43
