stableT,stableSpd,MaxGap,TotalFuel,VMT
68.8,3.45125003483001,29.32,226.413290000269,157970.85
