stableT,stableSpd,MaxGap,TotalFuel,VMT
38.7,3.54236421637832,33.53,225.021810000177,160997.23
