stableT,stableSpd,MaxGap,TotalFuel,VMT
65,4.79446122283322,12.46,223.725010000192,206525.42
