stableT,stableSpd,MaxGap,TotalFuel,VMT
44.6,4.1502569671344,17.95,291.989069999959,183156.04
