stableT,stableSpd,MaxGap,TotalFuel,VMT
139.2,4.62607694278945,12.19,222.012290000063,201040.1
