stableT,stableSpd,MaxGap,TotalFuel,VMT
1532.4,4.95787201170922,15.7,233.842160000213,201083.62
