stableT,stableSpd,MaxGap,TotalFuel,VMT
27.8,0.575411382255246,50.98,266.799200000382,112551.8
