stableT,stableSpd,MaxGap,TotalFuel,VMT
84.9,4.15022077198437,19.68,240.348640000004,181789.14
