stableT,stableSpd,MaxGap,TotalFuel,VMT
34.5,3.39081199240247,26.82,226.461350000324,154562.35
